Rank,Name,Tm,Age,G,GS,Cmp,Att,Yds,TD,Int,Att,Yds,Y/A,TD,Tgt,Rec,Yds,Y/R,TD,FantPos,FantPt,DKPt,FDPt,VBD,PosRank,OvRank
1,Antonio Brown*+,PIT,27,16,16,0,0,0,0,0,3,28,9.33,0,193,136,1834,13.49,10,WR,250,393.2,320.2,126,1,1
2,Devonta Freeman*,ATL,23,15,13,0,0,0,0,0,265,1056,3.98,11,97,73,578,7.92,3,RB,243,324.4,279.9,120,1,2
3,Julio Jones*+,ATL,26,16,16,0,0,0,0,0,0,0,,0,203,136,1871,13.76,8,WR,237,379.1,307.1,113,2,3
4,Adrian Peterson*+,MIN,30,16,16,0,0,0,0,0,327,1485,4.54,11,36,30,222,7.40,0,RB,231,269.7,245.7,107,2,4
5,Cam Newton*+,CAR,26,16,16,296,496,3837,35,10,132,636,4.82,10,0,0,0,,0,QB,391,409.1,399.1,106,1,5
6,Brandon Marshall*,NYJ,31,16,16,0,0,0,0,0,0,0,,0,173,109,1502,13.78,14,WR,230,344.2,284.7,106,3,6
7,Allen Robinson*,JAX,22,16,16,0,0,0,0,0,0,0,,0,151,80,1400,17.50,14,WR,224,307.0,264.0,100,4,7
8,Odell Beckham*,NYG,23,15,15,0,0,0,0,0,1,3,3.00,0,158,96,1450,15.10,13,WR,223,322.3,271.3,99,5,8
9,Rob Gronkowski*+,NWE,26,15,15,0,0,0,0,0,0,0,,0,120,72,1176,16.33,11,TE,184,258.6,219.6,96,1,9
10,DeAndre Hopkins*,HOU,23,16,16,0,0,0,0,0,0,0,,0,192,111,1521,13.70,11,WR,220,334.1,275.6,96,6,10
11,Doug Martin*+,TAM,26,16,16,0,0,0,0,0,288,1402,4.87,6,44,33,271,8.21,1,RB,199,243.3,215.8,76,3,11
12,Gary Barnidge*,CLE,30,16,13,0,0,0,0,0,0,0,,0,125,79,1043,13.20,9,TE,158,240.3,197.8,71,2,12
13,Jordan Reed,WAS,25,14,9,0,0,0,0,0,0,0,,0,114,87,952,10.94,11,TE,157,249.2,200.7,70,3,13
14,DeAngelo Williams,PIT,32,16,10,0,0,0,0,0,200,907,4.54,11,47,40,367,9.18,0,RB,191,239.4,211.4,68,4,14
15,Doug Baldwin,SEA,27,16,16,0,0,0,0,0,0,0,,0,103,78,1069,13.71,14,WR,191,271.9,229.9,67,7,15
16,Todd Gurley*,STL,21,13,12,0,0,0,0,0,229,1106,4.83,10,26,21,188,8.95,0,RB,189,215.4,197.9,66,5,16
17,A.J. Green*,CIN,27,16,16,0,0,0,0,0,0,0,,0,132,86,1297,15.08,10,WR,188,277.7,230.7,63,8,17
18,Greg Olsen*,CAR,30,16,16,0,0,0,0,0,0,0,,0,124,77,1104,14.34,7,TE,150,231.4,188.9,63,4,18
19,Delanie Walker*,TEN,31,15,10,0,0,0,0,0,1,36,36.00,0,133,94,1088,11.57,6,TE,150,247.4,197.4,63,5,19
20,Lamar Miller,MIA,24,16,16,0,0,0,0,0,194,872,4.49,8,57,47,397,8.45,2,RB,185,238.9,208.4,62,6,20
21,Russell Wilson*,SEA,27,16,16,329,483,4024,34,8,103,553,5.37,1,0,0,0,,0,QB,344,353.3,344.3,59,2,21
22,Tom Brady*,NWE,38,16,16,402,624,4770,36,7,34,53,1.56,3,1,1,36,36.00,0,QB,344,356.7,351.2,59,3,22
23,Tyler Eifert*,CIN,25,13,12,0,0,0,0,0,0,0,,0,74,52,615,11.83,13,TE,140,194.5,165.5,52,6,23
24,David Johnson,ARI,24,16,5,0,0,0,0,0,125,581,4.65,8,57,36,457,12.69,4,RB,174,222.8,197.8,51,7,24
25,Chris Ivory*,NYJ,27,15,14,0,0,0,0,0,247,1070,4.33,7,37,30,217,7.23,1,RB,173,210.7,187.7,49,9,25
26,Matt Forte,CHI,30,13,13,0,0,0,0,0,218,898,4.12,4,58,44,389,8.84,3,RB,173,221.7,192.7,49,8,26
27,Calvin Johnson*,DET,30,16,16,0,0,0,0,0,0,0,,0,149,88,1214,13.80,9,WR,173,265.4,217.4,49,9,27
28,Eric Decker,NYJ,28,15,13,0,0,0,0,0,0,0,,0,132,80,1027,12.84,12,WR,173,256.7,212.7,48,10,28
29,Larry Fitzgerald*,ARI,32,16,16,0,0,0,0,0,0,0,,0,145,109,1215,11.15,9,WR,172,285.5,226.0,47,11,29
30,Brandin Cooks,NOR,22,16,13,0,0,0,0,0,8,18,2.25,0,129,84,1138,13.55,9,WR,170,256.6,211.6,45,12,30
31,Latavius Murray*,OAK,25,16,16,0,0,0,0,0,266,1066,4.01,6,53,41,232,5.66,0,RB,164,211.8,184.3,41,10,31
32,Demaryius Thomas,DEN,28,16,16,0,0,0,0,0,0,0,,0,177,105,1304,12.42,6,WR,164,272.4,214.9,40,13,32
33,Danny Woodhead,SDG,30,16,1,0,0,0,0,0,98,336,3.43,3,106,80,755,9.44,6,RB,163,249.1,203.1,40,11,33
34,Blake Bortles,JAX,23,16,16,355,606,4428,35,18,52,310,5.96,2,0,0,0,,0,QB,324,343.1,332.1,39,4,34
35,Allen Hurns,JAX,24,15,14,0,0,0,0,0,0,0,,0,105,64,1031,16.11,10,WR,163,229.1,193.1,39,14,35
36,Frank Gore,IND,32,16,16,0,0,0,0,0,260,967,3.72,6,58,34,267,7.85,1,RB,159,202.4,176.4,36,12,36
37,Jarvis Landry*,MIA,23,16,14,1,1,9,0,0,18,113,6.28,1,166,110,1157,10.52,4,WR,159,281.4,220.4,35,15,37
38,Sammy Watkins,BUF,22,13,13,0,0,0,0,0,1,1,1.00,0,96,60,1047,17.45,9,WR,159,221.8,188.8,34,16,38
39,Jeremy Hill,CIN,23,16,15,0,0,0,0,0,223,794,3.56,11,19,15,79,5.27,1,RB,157,176.3,162.8,34,13,39
40,Darren McFadden,DAL,28,16,10,0,1,0,0,0,239,1089,4.56,3,53,40,328,8.20,0,RB,156,204.7,175.7,32,14,40
41,Jeremy Maclin,KAN,27,15,15,0,0,0,0,0,3,14,4.67,0,124,87,1088,12.51,8,WR,156,247.2,199.7,32,17,41
42,Travis Kelce*,KAN,26,16,16,0,0,0,0,0,0,0,,0,103,72,875,12.15,5,TE,118,194.5,153.5,30,7,42
43,Mark Ingram,NOR,26,12,10,0,0,0,0,0,166,769,4.63,6,60,50,405,8.10,0,RB,153,210.4,178.4,30,15,43
44,Ben Watson,NOR,35,16,16,0,0,0,0,0,0,0,,0,110,74,825,11.15,6,TE,117,194.5,153.5,29,8,44
45,Carson Palmer*,ARI,36,16,16,342,537,4671,35,11,25,24,0.96,1,0,0,0,,0,QB,309,325.2,320.2,24,5,45
46,Emmanuel Sanders,DEN,28,15,15,0,0,0,0,0,3,29,9.67,0,136,76,1135,14.93,6,WR,148,229.4,186.4,24,18,46
47,Jonathan Stewart*,CAR,28,13,13,0,0,0,0,0,242,989,4.09,6,21,16,99,6.19,1,RB,147,167.8,154.8,24,16,47
48,LeSean McCoy*,BUF,27,12,12,0,0,0,0,0,203,895,4.41,3,50,32,292,9.13,2,RB,147,186.7,162.7,23,17,48
49,Michael Crabtree,OAK,28,16,15,0,0,0,0,0,0,0,,0,146,85,922,10.85,9,WR,146,234.2,188.7,22,19,49
50,Jordan Matthews,PHI,23,16,13,0,0,0,0,0,0,0,,0,126,85,997,11.73,8,WR,146,234.7,188.2,21,20,50
51,Drew Brees,NOR,36,15,15,428,627,4870,32,11,24,14,0.58,1,0,0,0,,0,QB,306,320.2,315.2,21,6,51
52,Aaron Rodgers*,GNB,32,16,16,347,572,3821,31,8,58,344,5.93,1,0,0,0,,0,QB,305,311.2,301.2,20,7,52
53,John Brown,ARI,25,15,11,0,0,0,0,0,3,22,7.33,0,101,65,1003,15.43,7,WR,143,211.5,175.0,18,21,53
54,T.Y. Hilton*,IND,26,16,15,0,0,0,0,0,0,0,,0,134,69,1124,16.29,5,WR,142,214.4,176.9,18,22,54
55,DeMarco Murray,PHI,27,15,8,0,0,0,0,0,193,702,3.64,6,55,44,322,7.32,1,RB,140,192.4,162.4,17,18,55
56,James Jones,GNB,31,16,15,0,0,0,0,0,0,0,,0,99,50,890,17.80,8,WR,141,194.0,166.0,17,23,56
57,Amari Cooper*,OAK,21,16,15,0,0,0,0,0,3,-3,-1.00,0,130,72,1070,14.86,6,WR,141,216.7,176.7,16,24,57
58,Tavon Austin,STL,24,16,14,0,0,0,0,0,52,434,8.35,4,87,52,473,9.10,5,WR,141,206.7,172.7,16,25,58
59,Ted Ginn,CAR,30,15,13,0,0,0,0,0,4,60,15.00,0,97,44,739,16.80,10,WR,140,186.9,161.9,16,26,59
60,Richard Rodgers,GNB,23,16,12,0,0,0,0,0,1,11,11.00,0,85,58,510,8.79,8,TE,102,163.1,131.1,15,9,60
61,Ronnie Hillman,DEN,24,16,11,0,0,0,0,0,207,863,4.17,7,35,24,111,4.63,0,RB,137,168.4,149.4,14,19,61
62,Rashad Jennings,NYG,30,16,16,0,0,0,0,0,195,863,4.43,3,40,29,296,10.21,1,RB,136,172.9,150.4,13,20,62
63,Mike Evans,TAM,22,15,14,0,0,0,0,0,0,0,,0,148,74,1206,16.30,3,WR,137,214.6,173.6,12,27,63
64,Kirk Cousins,WAS,27,16,16,379,543,4166,29,11,26,48,1.85,5,0,0,0,,0,QB,295,306.4,300.4,10,8,64
65,Giovani Bernard,CIN,24,16,1,0,0,0,0,0,154,730,4.74,2,66,49,472,9.63,0,RB,132,187.2,156.7,9,21,65
66,Zach Ertz,PHI,25,15,6,0,0,0,0,0,0,0,,0,112,75,853,11.37,2,TE,95,174.3,132.8,8,10,66
67,Matthew Stafford,DET,27,16,16,398,592,4262,32,13,44,159,3.61,1,1,1,-6,-6.00,0,QB,292,311.8,303.3,7,9,67
68,Charles Sims,TAM,25,16,0,0,0,0,0,0,107,529,4.94,0,70,51,561,11.00,4,RB,129,188.0,154.5,6,22,68
69,Antonio Gates,SDG,35,11,4,0,0,0,0,0,0,0,,0,85,56,630,11.25,5,TE,93,152.0,121.0,6,11,69
70,Jeremy Langford,CHI,24,16,2,0,0,0,0,0,148,537,3.63,6,42,22,279,12.68,1,RB,128,153.6,136.6,4,23,70
71,Travis Benjamin,CLE,26,16,15,0,0,0,0,0,4,12,3.00,0,125,68,966,14.21,5,WR,128,202.8,163.8,3,28,71
72,Rueben Randle,NYG,24,16,16,0,0,0,0,0,0,0,,0,90,57,797,13.98,8,WR,128,187.7,156.2,3,29,72
73,Eli Manning*,NYG,34,16,16,387,618,4436,35,14,20,61,3.05,0,0,0,0,,0,QB,288,308.5,301.5,2,10,73
74,Philip Rivers,SDG,34,16,16,437,661,4792,29,13,17,28,1.65,0,0,0,0,,0,QB,286,298.5,293.5,1,11,74
75,Richie Brockel,CAR,29,2,0,0,0,0,0,0,0,0,,0,0,0,0,,0,,,,,,1,75
76,James Starks,GNB,29,16,4,0,0,0,0,0,148,601,4.06,2,53,43,392,9.12,3,RB,123,175.3,144.8,,24,76
77,Kamar Aiken,BAL,26,16,14,0,0,0,0,0,0,0,,0,127,75,944,12.59,5,WR,124,201.4,159.9,,30,77
78,Ryan Fitzpatrick,NYJ,33,16,16,335,562,3905,31,15,60,270,4.50,2,0,0,0,,0,QB,285,308.2,300.2,,12,78
79,Jameis Winston*,TAM,21,16,16,312,535,4042,22,15,53,210,3.96,6,0,0,0,,0,QB,279,295.7,287.7,,13,
80,Tyrod Taylor*,BUF,26,14,14,242,380,3035,20,6,104,568,5.46,4,1,1,4,4.00,0,QB,275,284.6,277.1,,14,
81,Derek Carr*,OAK,24,16,16,350,573,3987,32,13,33,138,4.18,0,0,0,0,,0,QB,273,291.3,282.3,,15,
82,Alex Smith,KAN,31,16,16,307,470,3486,20,7,84,498,5.93,2,0,0,0,,0,QB,273,280.2,274.2,,16,
83,Ryan Tannehill,MIA,27,16,16,363,586,4208,24,12,32,141,4.41,1,1,1,9,9.00,0,QB,259,277.3,267.8,,17,
84,Andy Dalton,CIN,28,13,13,255,386,3250,25,7,57,142,2.49,3,0,0,0,,0,QB,244,259.2,251.2,,18,
85,Matt Ryan,ATL,30,16,16,407,614,4591,21,16,37,63,1.70,0,0,0,0,,0,QB,236,255.9,247.9,,19,
86,Ben Roethlisberger*,PIT,33,12,11,319,469,3938,21,16,15,29,1.93,0,0,0,-3,,0,QB,234,231.1,228.1,,20,
87,Jay Cutler,CHI,32,15,15,311,483,3659,21,11,38,201,5.29,1,0,0,0,,0,QB,230,246.5,235.5,,21,
88,Marcus Mariota,TEN,22,12,12,230,370,2818,19,10,34,252,7.41,2,1,1,41,41.00,1,QB,210,227.0,214.5,,22,
89,Teddy Bridgewater*,MIN,23,16,16,292,447,3231,14,9,44,192,4.36,3,0,0,0,,0,QB,200,218.4,209.4,,23,
90,Sam Bradford,PHI,28,14,14,346,532,3725,19,14,26,39,1.50,0,0,0,0,,0,QB,195,214.9,208.9,,24,
91,Brian Hoyer,HOU,30,11,9,224,369,2606,19,7,15,44,2.93,0,0,0,0,,0,QB,169,178.6,173.6,,25,
92,Joe Flacco,BAL,30,10,10,266,413,2791,14,12,13,23,1.77,3,0,0,0,,0,QB,166,176.9,171.9,,26,
93,Josh McCown,CLE,36,8,8,186,292,2109,12,4,20,98,4.90,1,0,0,0,,0,QB,136,141.2,132.2,,27,
94,Andrew Luck,IND,26,7,7,162,293,1881,15,12,33,196,5.94,0,0,0,0,,0,QB,133,147.8,140.8,,28,
95,Blaine Gabbert,SFO,26,8,8,178,282,2031,10,7,32,185,5.78,1,0,0,0,,0,QB,130,143.7,136.7,,29,
96,Randall Cobb,GNB,25,16,15,0,0,0,0,0,13,50,3.85,0,129,79,829,10.49,6,WR,124,211.9,169.4,,31,
97,Michael Floyd,ARI,26,15,6,0,0,0,0,0,0,0,,0,89,52,849,16.33,6,WR,121,175.9,146.9,,33,
98,Golden Tate,DET,27,16,16,0,0,0,0,0,6,41,6.83,0,128,90,813,9.03,6,WR,121,213.4,164.4,,32,
99,Thomas Rawls,SEA,22,13,7,0,0,0,0,0,147,830,5.65,4,11,9,76,8.44,1,RB,121,131.6,123.1,,25,
100,Eddie Lacy,GNB,25,15,12,0,0,0,0,0,187,758,4.05,3,28,20,188,9.40,2,RB,121,148.6,130.6,,26,
101,T.J. Yeldon,JAX,22,12,12,0,0,0,0,0,182,740,4.07,2,46,36,279,7.75,1,RB,120,161.9,137.9,,27,
102,Martavis Bryant,PIT,24,11,5,0,0,0,0,0,5,37,7.40,1,92,50,765,15.30,6,WR,120,174.2,145.2,,34,
103,Brock Osweiler,DEN,25,8,7,170,275,1967,10,6,21,61,2.90,1,0,0,0,,0,QB,119,126.8,122.8,,30,
104,Isaiah Crowell,CLE,22,16,9,0,0,0,0,0,185,706,3.82,4,22,19,182,9.58,1,RB,119,143.8,128.3,,28,
105,LeGarrette Blount,NWE,29,12,6,0,0,0,0,0,165,703,4.26,6,7,6,43,7.17,1,RB,117,125.6,119.6,,29,
106,C.J. Anderson,DEN,24,15,5,0,0,0,0,0,152,720,4.74,5,36,25,183,7.32,0,RB,116,149.3,128.8,,30,
107,Willie Snead,NOR,23,15,9,0,0,0,0,0,0,0,,0,101,69,984,14.26,3,WR,116,187.4,148.9,,35,
108,Pierre Garcon,WAS,29,16,16,0,0,0,0,0,0,0,,0,111,72,777,10.79,6,WR,116,188.7,149.7,,36,
109,Charcandrick West,KAN,24,15,9,0,0,0,0,0,160,634,3.96,4,34,20,214,10.70,1,RB,113,139.8,122.8,,32,
110,Karlos Williams,BUF,22,11,3,0,0,0,0,0,93,517,5.56,7,14,11,96,8.73,2,RB,113,128.3,118.8,,31,
111,Colin Kaepernick,SFO,28,9,8,144,244,1615,6,5,45,256,5.69,1,0,0,0,,0,QB,112,120.2,113.2,,31,
112,Julian Edelman,NWE,29,9,9,0,0,0,0,0,3,23,7.67,0,88,61,692,11.34,7,WR,112,176.5,142.0,,37,
113,Marvin Jones,CIN,25,16,13,0,0,0,0,0,5,33,6.60,0,103,65,816,12.55,4,WR,109,176.9,141.4,,39,
114,Markus Wheaton,PIT,24,16,8,0,0,0,0,0,0,0,,0,79,44,749,17.02,5,WR,109,153.9,128.9,,40,
115,Donte Moncrief,IND,22,16,10,0,0,0,0,0,0,0,,0,105,64,733,11.45,6,WR,109,176.3,141.3,,38,
116,Ryan Mathews,PHI,28,13,6,0,0,0,0,0,107,539,5.04,6,28,20,146,7.30,1,RB,105,133.5,114.5,,33,
117,Alshon Jeffery,CHI,25,9,8,0,0,0,0,0,0,0,,0,94,54,807,14.94,4,WR,105,161.7,131.7,,41,
118,Duke Johnson,CLE,22,16,7,0,0,0,0,0,104,379,3.64,0,74,61,534,8.75,2,RB,103,170.3,133.8,,34,
119,Anquan Boldin,SFO,35,14,13,0,0,0,0,0,0,0,,0,111,69,789,11.43,4,WR,103,173.9,135.4,,42,
120,Tyler Lockett*+,SEA,23,16,8,0,0,0,0,0,5,20,4.00,0,69,51,664,13.02,6,WR,102,169.4,139.9,,43,
121,Terrance Williams,DAL,26,16,13,0,0,0,0,0,0,0,,0,93,52,840,16.15,3,WR,102,157.0,128.0,,44,
122,Jermaine Kearse,SEA,25,16,16,0,0,0,0,0,0,0,,0,68,49,685,13.98,5,WR,101,150.5,123.0,,45,
123,Chris Johnson,ARI,30,11,9,0,0,0,0,0,196,814,4.15,3,13,6,58,9.67,0,RB,101,112.2,104.2,,35,
124,Javorius Allen,BAL,24,16,6,0,0,0,0,0,137,514,3.75,1,62,45,353,7.84,2,RB,101,153.7,123.2,,36,
125,Shane Vereen,NYG,26,16,0,0,0,0,0,0,61,260,4.26,0,81,59,495,8.39,4,RB,100,164.5,129.0,,37,
126,Theo Riddick,DET,24,16,1,0,0,0,0,0,43,133,3.09,0,99,80,697,8.71,3,RB,99,186.0,139.0,,38,
127,Alfred Blue,HOU,24,15,9,0,0,0,0,0,183,698,3.81,2,16,15,109,7.27,1,RB,97,118.7,104.2,,39,
128,Keenan Allen,SDG,23,8,8,0,0,0,0,0,0,0,,0,89,67,725,10.82,4,WR,97,165.5,128.0,,47,
129,Stefon Diggs,MIN,22,13,9,0,0,0,0,0,3,13,4.33,0,84,52,720,13.85,4,WR,97,152.3,123.3,,46,
130,Nick Foles,STL,26,11,11,190,337,2052,7,10,17,20,1.18,1,0,0,0,,0,QB,96,109.1,104.1,,32,
131,Johnny Manziel,CLE,23,10,6,129,223,1500,7,5,37,230,6.22,0,0,0,0,,0,QB,95,109.0,100.0,,34,
132,Matt Jones,WAS,22,13,0,0,0,0,0,0,144,490,3.40,3,25,19,304,16.00,1,RB,95,124.4,104.9,,40,
133,Darren Sproles*,PHI,32,16,4,0,0,0,0,0,83,317,3.82,3,83,55,388,7.05,1,RB,95,167.5,134.0,,41,
134,Peyton Manning,DEN,39,10,9,198,331,2249,9,17,6,-6,-1.00,0,0,0,0,,0,QB,95,111.4,108.4,,33,
135,Justin Forsett,BAL,30,10,10,0,0,0,0,0,151,641,4.25,2,41,31,153,4.94,0,RB,93,128.4,106.9,,42,
136,Torrey Smith,SFO,26,16,12,0,0,0,0,0,0,0,,0,62,33,663,20.09,4,WR,92,128.3,108.8,,48,
137,Ameer Abdullah,DET,22,16,9,0,0,0,0,0,143,597,4.17,2,38,25,183,7.32,1,RB,92,125.0,104.5,,43,
138,Matt Hasselbeck,IND,40,8,8,156,256,1690,9,5,16,15,0.94,0,0,0,0,,0,QB,91,101.1,96.1,,35,
139,Rishard Matthews,MIA,26,11,11,0,0,0,0,0,1,4,4.00,0,61,43,662,15.40,4,WR,91,136.6,112.1,,49,
140,Antonio Andrews,TEN,24,14,10,1,1,41,1,0,143,520,3.64,3,29,21,174,8.29,0,RB,91,119.0,101.5,,44,
141,Nate Washington,HOU,32,14,14,0,0,0,0,0,0,0,,0,94,47,658,14.00,4,WR,90,139.8,113.3,,50,
142,Bilal Powell,NYJ,27,11,2,0,0,0,0,0,70,313,4.47,1,63,47,388,8.26,2,RB,88,141.1,111.6,,45,
143,Le'Veon Bell,PIT,23,6,6,0,0,0,0,0,113,556,4.92,3,26,24,136,5.67,0,RB,87,117.2,99.2,,46,
144,Jason Witten,DAL,33,16,16,0,0,0,0,0,0,0,,0,104,77,713,9.26,3,TE,87,168.3,125.8,,12,
145,Alfred Morris,WAS,27,16,16,0,0,0,0,0,202,751,3.72,1,13,10,55,5.50,0,RB,87,99.6,91.6,,47,
146,Kenny Britt,STL,27,16,13,0,0,0,0,0,0,0,,0,72,36,681,18.92,3,WR,86,125.1,104.1,,51,
147,Joique Bell,DET,29,13,5,0,0,0,0,0,90,311,3.46,4,27,22,286,13.00,0,RB,86,111.7,94.7,,48,
148,Steve Smith,BAL,36,7,7,0,0,0,0,0,0,0,,0,73,46,670,14.57,3,WR,85,134.0,108.0,,52,
149,Eric Ebron,DET,22,14,8,0,0,0,0,0,0,0,,0,70,47,537,11.43,5,TE,84,133.7,107.2,,13,
150,Dion Lewis,NWE,25,7,6,0,0,0,0,0,49,234,4.78,2,50,36,388,10.78,2,RB,84,127.2,102.2,,49,
151,James White,NWE,23,14,1,0,0,0,0,0,22,56,2.55,2,54,40,410,10.25,4,RB,83,125.6,102.6,,50,
152,Danny Amendola,NWE,30,14,7,1,1,36,0,0,2,11,5.50,0,87,65,648,9.97,3,WR,83,152.3,115.8,,53,
153,Dorial Green-Beckham,TEN,22,16,5,0,0,0,0,0,0,0,,0,67,32,549,17.16,4,WR,81,115.9,96.9,,54,
154,Kyle Rudolph,MIN,26,16,16,0,0,0,0,0,0,0,,0,73,49,495,10.10,5,TE,80,131.5,104.0,,14,
155,Cole Beasley,DAL,26,16,3,0,0,0,0,0,0,0,,0,75,52,536,10.31,5,WR,80,136.6,105.6,,56,
156,Seth Roberts,OAK,24,16,5,0,0,0,0,0,0,0,,0,55,32,480,15.00,5,WR,80,115.0,96.0,,55,
157,Jamaal Charles,KAN,29,5,5,0,0,0,0,0,71,364,5.13,4,29,21,177,8.43,1,RB,80,109.1,90.6,,51,
158,Marques Colston,NOR,32,13,5,0,0,0,0,0,0,0,,0,67,45,520,11.56,4,WR,78,124.0,98.5,,57,
159,Julius Thomas,JAX,27,12,11,0,0,0,0,0,0,0,,0,80,46,455,9.89,5,TE,78,124.5,98.5,,15,
160,Spencer Ware,KAN,24,11,2,0,0,0,0,0,72,403,5.60,6,6,6,5,0.83,0,RB,77,85.8,79.8,,52,
161,Andre Johnson,IND,34,16,14,0,0,0,0,0,0,0,,0,77,41,503,12.27,4,WR,76,118.3,94.8,,58,
162,DeSean Jackson,WAS,29,10,9,0,0,0,0,0,0,0,,0,49,30,528,17.60,4,WR,75,108.8,89.8,,60,
163,Melvin Gordon,SDG,22,14,13,0,0,0,0,0,184,641,3.48,0,37,33,192,5.82,0,RB,75,118.3,91.8,,53,
164,Jimmy Graham,SEA,29,11,11,0,0,0,0,0,0,0,,0,74,48,605,12.60,2,TE,75,123.5,96.5,,16,
165,Devin Funchess,CAR,21,16,5,0,0,0,0,0,0,0,,0,63,31,473,15.26,5,WR,75,110.3,90.8,,59,
166,Jamison Crowder,WAS,22,16,6,0,1,0,0,0,2,2,1.00,0,78,59,604,10.24,2,WR,75,137.6,104.1,,61,
167,Zach Miller,CHI,31,15,14,0,0,0,0,0,0,0,,0,46,34,439,12.91,5,TE,74,110.9,90.9,,17,
168,Tim Hightower,NOR,29,8,3,0,0,0,0,0,96,375,3.91,4,13,12,129,10.75,0,RB,74,92.4,80.4,,54,
169,Vincent Jackson,TAM,32,10,9,0,0,0,0,0,0,0,,0,62,33,543,16.45,3,WR,74,110.3,90.8,,62,
170,Corey Brown,CAR,24,14,11,0,0,0,0,0,6,38,6.33,0,54,31,447,14.42,4,WR,73,106.5,88.0,,63,
171,Jacob Tamme,ATL,30,15,8,0,0,0,0,0,0,0,,0,81,59,657,11.14,1,TE,72,133.7,101.2,,18,
172,Malcom Floyd,SDG,34,15,13,0,0,0,0,0,0,0,,0,68,30,561,18.70,3,WR,72,106.1,87.1,,64,
173,Ryan Mallett,2TM,27,8,6,136,244,1336,5,6,5,15,3.00,1,0,0,0,,0,QB,71,77.9,74.9,,36,
174,Ladarius Green,SDG,25,13,11,0,0,0,0,0,0,0,,0,63,37,429,11.59,4,TE,71,110.9,89.4,,19,
175,Charles Clay,BUF,26,13,13,0,0,0,0,0,0,0,,0,77,51,528,10.35,3,TE,71,124.8,96.3,,20,
176,Robert Woods,BUF,23,14,9,0,0,0,0,0,1,0,0.00,0,80,47,552,11.74,3,WR,71,122.2,94.7,,65,
177,Marshawn Lynch,SEA,29,7,6,0,0,0,0,0,111,417,3.76,3,21,13,80,6.15,0,RB,70,85.7,76.2,,56,
178,Carlos Hyde,SFO,24,7,7,0,0,0,0,0,115,470,4.09,3,15,11,53,4.82,0,RB,70,84.3,75.8,,55,
179,Owen Daniels,DEN,33,16,16,0,0,0,0,0,0,0,,0,77,46,517,11.24,3,TE,70,118.7,92.7,,21,
180,Coby Fleener,IND,27,16,11,0,0,0,0,0,0,0,,0,84,54,491,9.09,3,TE,69,126.1,96.1,,22,
181,DeVante Parker,MIA,22,15,4,0,0,0,0,0,0,0,,0,50,26,494,19.00,3,WR,69,96.4,80.4,,66,
182,Steve Johnson,SDG,29,10,8,0,0,0,0,0,0,0,,0,65,45,497,11.04,3,WR,68,115.7,90.2,,69,
183,Cecil Shorts,HOU,28,11,4,1,1,21,1,0,10,47,4.70,0,75,42,484,11.52,2,WR,68,113.9,88.9,,68,
184,Jerricho Cotchery,CAR,33,14,3,0,0,0,0,0,1,16,16.00,0,54,39,485,12.44,3,WR,68,110.1,87.6,,67,
185,Heath Miller,PIT,33,15,15,0,0,0,0,0,1,2,2.00,0,81,60,535,8.92,2,TE,68,130.7,97.7,,23,
186,Mike Tolbert*+,CAR,30,16,3,0,0,0,0,0,62,256,4.13,1,23,18,154,8.56,3,RB,67,89.0,74.0,,57,
187,Matt Cassel,2TM,33,10,8,119,205,1276,5,7,15,78,5.20,0,0,0,0,,0,QB,67,74.8,71.8,,37,
188,Brandon Weeden,2TM,32,6,4,97,140,1044,5,2,16,47,2.94,1,0,0,0,,0,QB,66,72.5,68.5,,38,
189,Crockett Gillmore,BAL,24,10,10,0,0,0,0,0,0,0,,0,47,33,412,12.48,4,TE,65,101.2,81.7,,24,
190,Dwayne Harris,NYG,28,15,6,0,0,0,0,0,2,12,6.00,0,57,36,396,11.00,4,WR,65,115.8,94.8,,70,
191,Dontrelle Inman,SDG,26,14,7,0,0,0,0,0,0,0,,0,63,35,486,13.89,3,WR,65,103.6,82.1,,71,
192,Joseph Randle,DAL,24,6,6,0,0,0,0,0,76,313,4.12,4,10,10,87,8.70,0,RB,64,77.0,69.0,,58,
193,Brian Hartline,CLE,29,12,4,0,0,0,0,0,0,0,,0,77,46,523,11.37,2,WR,64,113.3,87.3,,72,
194,Jerick McKinnon,MIN,23,16,0,0,0,0,0,0,52,271,5.21,2,29,21,173,8.24,1,RB,62,89.4,72.9,,59,
195,Martellus Bennett,CHI,28,11,11,0,0,0,0,0,0,0,,0,80,53,439,8.28,3,TE,62,117.9,88.4,,26,
196,Jonathan Grimes,HOU,26,14,0,0,1,0,0,0,56,282,5.04,1,31,26,173,6.65,1,RB,62,91.5,72.5,,60,
197,Will Tye,NYG,24,13,7,0,0,0,0,0,0,0,,0,62,42,464,11.05,3,TE,62,108.4,83.4,,25,
198,Kenny Stills,MIA,23,16,8,0,0,0,0,0,0,0,,0,63,27,440,16.30,3,WR,62,92.0,75.5,,73,
199,Kendall Wright,TEN,26,10,9,0,0,0,0,0,5,17,3.40,0,60,36,408,11.33,3,WR,61,99.5,78.5,,74,
200,Dexter McCluster,TEN,27,11,2,0,0,0,0,0,55,247,4.49,1,41,31,260,8.39,1,RB,61,99.7,76.2,,61,
201,Mike Wallace,MIN,29,16,12,0,0,0,0,0,1,6,6.00,0,72,39,473,12.13,2,WR,60,101.9,79.4,,75,
202,Albert Wilson,KAN,23,14,12,0,0,0,0,0,5,26,5.20,0,57,35,451,12.89,2,WR,60,97.7,77.2,,76,
203,Andre Ellington,ARI,26,10,3,0,0,0,0,0,45,289,6.42,3,24,15,148,9.87,0,RB,60,81.7,67.2,,62,
204,Mohamed Sanu,CIN,26,16,4,0,0,0,0,0,10,71,7.10,2,49,33,394,11.94,0,WR,59,94.5,75.0,,77,
205,Dez Bryant,DAL,27,9,9,0,0,0,0,0,0,0,,0,72,31,401,12.94,3,WR,58,92.1,73.6,,79,
206,Chris Thompson,WAS,25,13,0,0,0,0,0,0,35,216,6.17,0,48,35,240,6.86,2,RB,58,98.6,75.1,,63,
207,Austin Seferian-Jenkins,TAM,23,7,3,0,0,0,0,0,0,0,,0,39,21,338,16.10,4,TE,58,81.8,68.3,,28,
208,Brent Celek,PHI,30,16,13,0,0,0,0,0,0,0,,0,35,27,398,14.74,3,TE,58,87.8,71.3,,27,
209,Chris Hogan,BUF,27,16,4,1,1,4,0,0,1,4,4.00,0,59,36,450,12.50,2,WR,58,96.6,75.6,,80,
210,Davante Adams,GNB,23,13,12,0,0,0,0,0,0,0,,0,94,50,483,9.66,1,WR,58,109.3,81.3,,78,
211,Jordan Cameron,MIA,27,16,16,0,0,0,0,0,0,0,,0,70,35,386,11.03,3,TE,57,94.6,74.1,,29,
212,Brandon Coleman,NOR,23,16,3,0,0,0,0,0,0,0,,0,49,30,454,15.13,2,WR,57,90.4,72.4,,81,
213,Roddy White,ATL,34,16,16,0,0,0,0,0,0,0,,0,70,43,506,11.77,1,WR,57,102.6,78.1,,82,
214,Lance Moore,DET,32,14,8,0,0,0,0,0,0,0,,0,43,29,337,11.62,4,WR,56,88.7,70.2,,83,
215,Kyle Juszczyk,BAL,24,16,11,0,0,0,0,0,2,3,1.50,0,56,41,321,7.83,4,RB,56,100.4,76.9,,64,
216,Chris Polk,HOU,26,15,2,0,0,0,0,0,99,334,3.37,1,28,16,109,6.81,1,RB,56,78.3,64.3,,65,
217,A.J. McCarron,CIN,25,7,3,79,119,854,6,2,14,31,2.21,0,0,0,0,,0,QB,55,61.3,57.3,,39,
218,Arian Foster,HOU,29,4,4,0,0,0,0,0,63,163,2.59,1,28,22,227,10.32,2,RB,55,84.0,66.0,,66,
219,Khiry Robinson,NOR,26,8,0,0,0,0,0,0,56,180,3.21,4,20,17,115,6.76,0,RB,54,76.5,62.0,,67,
220,Clive Walford,OAK,24,16,2,0,0,0,0,0,0,0,,0,50,28,329,11.75,3,TE,53,81.9,64.9,,30,
221,Brandon LaFell,NWE,29,11,7,0,0,0,0,0,2,9,4.50,0,74,37,515,13.92,0,WR,52,92.4,70.9,,85,
222,Marquess Wilson,CHI,23,11,6,0,0,0,0,0,0,0,,0,51,28,464,16.57,1,WR,52,83.4,66.4,,84,
223,Brandon Bolden,NWE,25,15,2,0,0,0,0,0,63,207,3.29,0,30,19,180,9.47,2,RB,51,75.7,60.2,,69,
224,Shaun Draughn,2TM,28,11,6,0,0,0,0,0,78,273,3.50,1,35,27,176,6.52,0,RB,51,83.9,64.4,,68,
225,Harry Douglas,TEN,31,14,12,0,0,0,0,0,1,-6,-6.00,0,72,36,411,11.42,2,WR,51,90.5,68.5,,87,
226,Leonard Hankerson,3TM,26,10,0,0,0,0,0,0,0,0,,0,46,26,327,12.58,3,WR,51,79.7,63.7,,86,
227,Vance McDonald,SFO,25,14,11,0,0,0,0,0,0,0,,0,46,30,326,10.87,3,TE,51,83.6,65.6,,31,
228,Scott Chandler,NWE,30,15,4,0,0,0,0,0,0,0,,0,42,23,259,11.26,4,TE,50,75.9,61.4,,32,
229,Josh Huff,PHI,24,15,4,0,0,0,0,0,0,0,,0,42,27,312,11.56,3,WR,49,79.2,62.7,,88,
230,Marcel Reece,OAK,30,15,7,0,0,0,0,0,10,36,3.60,0,37,30,269,8.97,3,RB,49,81.5,63.5,,70,
231,Darren Fells,ARI,29,14,12,0,0,0,0,0,0,0,,0,28,21,311,14.81,3,TE,49,73.1,59.6,,33,
232,Jared Cook,STL,28,16,12,0,0,0,0,0,0,0,,0,75,39,481,12.33,0,TE,48,91.1,67.6,,34,
233,Cameron Brate,TAM,24,14,4,0,0,0,0,0,0,0,,0,30,23,288,12.52,3,TE,47,72.8,58.3,,35,
234,C.J. Spiller,NOR,28,13,2,0,0,0,0,0,36,112,3.11,0,44,34,239,7.03,2,RB,47,87.1,64.1,,71,
235,Denard Robinson,JAX,25,13,3,0,0,0,0,0,67,266,3.97,1,30,21,164,7.81,0,RB,47,75.0,57.5,,72,
236,Fred Jackson,SEA,34,16,0,0,0,0,0,0,26,100,3.85,0,41,32,257,8.03,2,RB,46,84.7,61.7,,73,
237,Quinton Patton,SFO,25,16,4,0,0,0,0,0,1,5,5.00,0,57,30,394,13.13,1,WR,46,78.9,60.9,,89,
238,Mike Gillislee,BUF,25,5,1,0,0,0,0,0,47,267,5.68,3,7,6,29,4.83,0,RB,46,55.6,48.6,,74,
239,Jarius Wright,MIN,26,16,3,0,0,0,0,0,1,29,29.00,0,50,34,442,13.00,0,WR,45,83.1,62.1,,91,
240,Riley Cooper,PHI,28,16,13,0,0,0,0,0,0,0,,0,41,21,327,15.57,2,WR,45,68.7,55.2,,92,
241,Darrius Heyward-Bey,PIT,28,16,4,0,0,0,0,0,0,0,,0,39,21,314,14.95,2,WR,45,67.4,53.9,,90,
242,Zach Mettenberger,TEN,24,7,4,101,166,935,4,7,9,8,0.89,1,0,0,0,,0,QB,44,54.2,49.2,,40,
243,Case Keenum,STL,27,6,5,76,125,828,4,1,12,5,0.42,0,0,0,0,,0,QB,44,49.6,44.6,,41,
244,Andre Holmes,OAK,27,16,1,0,0,0,0,0,0,0,,0,33,14,201,14.36,4,WR,44,61.1,51.1,,93,
245,Anthony Fasano,TEN,31,16,11,0,0,0,0,0,0,0,,0,42,26,289,11.12,2,TE,43,69.9,53.9,,36,
246,Chris Givens,2TM,26,15,6,0,0,0,0,0,4,18,4.50,0,54,20,353,17.65,1,WR,43,66.1,53.1,,94,
247,Bishop Sankey,TEN,23,13,3,0,0,0,0,0,47,193,4.11,1,22,14,139,9.93,1,RB,43,64.2,50.2,,75,
248,Bryan Walters,JAX,28,11,1,0,1,0,0,0,0,0,,0,45,32,368,11.50,1,WR,43,77.8,58.8,,95,
249,JJ Nelson,ARI,23,11,2,0,0,0,0,0,1,0,0.00,0,27,11,299,27.18,2,WR,42,54.9,45.4,,96,
250,Tony Romo,DAL,35,4,4,83,121,884,5,7,4,13,3.25,0,0,0,0,,0,QB,41,51.7,47.7,,42,
251,Tevin Coleman,ATL,22,12,3,0,0,0,0,0,87,392,4.51,1,11,2,14,7.00,0,RB,41,48.6,41.6,,76,
252,Vernon Davis,2TM,31,15,9,0,0,0,0,0,0,0,,0,58,38,395,10.39,0,TE,40,80.5,58.5,,37,
253,Benny Cunningham,STL,25,16,1,0,0,0,0,0,37,140,3.78,0,36,26,250,9.62,0,RB,39,71.0,52.0,,77,
254,Ryan Grant,WAS,25,16,5,0,0,0,0,0,0,0,,0,42,23,268,11.65,2,WR,39,64.8,50.3,,97,
255,EJ Manuel,BUF,25,7,2,52,84,561,3,3,17,64,3.76,1,0,0,0,,0,QB,39,45.8,41.8,,43,
256,Keshawn Martin,NWE,25,9,8,0,0,0,0,0,1,6,6.00,0,37,24,269,11.21,2,WR,38,65.5,49.5,,98,
257,Donald Brown,SDG,28,9,2,0,0,0,0,0,59,229,3.88,1,13,8,88,11.00,0,RB,38,48.7,41.7,,78,
258,Garrett Celek,SFO,27,11,8,0,0,0,0,0,0,0,,0,28,19,186,9.79,3,TE,37,58.6,46.1,,39,
259,Ryan Griffin,HOU,25,9,4,0,0,0,0,0,0,0,,0,34,20,251,12.55,2,TE,37,60.1,47.1,,38,
260,Lance Kendricks,STL,27,15,12,0,0,0,0,0,0,0,,0,36,25,245,9.80,2,TE,37,64.5,49.0,,40,
261,Jay Ajayi,MIA,22,9,0,0,0,0,0,0,49,187,3.82,1,11,7,90,12.86,0,RB,36,45.7,39.2,,79,
262,Jeremy Butler,BAL,24,8,0,0,0,0,0,0,0,0,,0,44,31,363,11.71,0,WR,36,70.3,51.8,,99,
263,Percy Harvin,BUF,27,5,5,0,0,0,0,0,5,31,6.20,0,30,19,218,11.47,1,WR,35,52.9,40.4,,100,
264,Josh Bellamy,CHI,26,16,3,0,0,0,0,0,0,0,,0,34,19,224,11.79,2,WR,34,56.4,43.9,,101,
265,Jaelen Strong,HOU,21,10,1,0,0,0,0,0,0,0,,0,24,14,161,11.50,3,WR,34,51.1,41.1,,102,
266,Ka'Deem Carey,CHI,23,10,1,0,0,0,0,0,43,159,3.70,2,3,3,19,6.33,1,RB,34,40.8,35.3,,81,
267,Andre Williams,NYG,23,16,0,0,0,0,0,0,88,257,2.92,1,3,1,7,7.00,0,RB,34,38.4,34.9,,80,
268,Larry Donnell,NYG,27,8,8,0,0,0,0,0,0,0,,0,41,29,223,7.69,2,TE,34,66.3,48.8,,41,
269,Mychal Rivera,OAK,25,16,0,0,0,0,0,0,0,0,,0,46,32,280,8.75,1,TE,34,69.0,50.0,,42,
270,Adam Humphries,TAM,22,13,0,0,0,0,0,0,0,0,,0,40,27,260,9.63,1,WR,34,62.0,45.5,,103,
271,Tre Mason,STL,22,13,3,0,0,0,0,0,75,207,2.76,1,25,18,88,4.89,0,RB,34,55.5,42.5,,82,
272,Kellen Moore,DAL,26,3,2,61,104,779,4,6,2,-1,-0.50,0,0,0,0,,0,QB,33,43.1,39.1,,45,
273,Jimmy Clausen,2TM,28,5,3,72,125,739,2,4,11,36,3.27,0,0,0,0,,0,QB,33,40.2,37.2,,44,
274,Ahmad Bradshaw,IND,29,6,0,0,0,0,0,0,31,85,2.74,0,14,10,64,6.40,3,RB,33,42.9,37.9,,83,
275,Maxx Williams,BAL,21,14,7,0,0,0,0,0,0,0,,0,48,32,268,8.38,1,TE,33,67.8,48.8,,43,
276,Mark Sanchez,PHI,29,4,2,59,91,616,4,4,6,22,3.67,0,0,0,0,,0,QB,33,40.8,36.8,,46,
277,Nelson Agholor,PHI,22,13,12,0,0,0,0,0,0,0,,0,44,23,283,12.30,1,WR,32,59.3,43.8,,105,
278,Quincy Enunwa,NYJ,23,12,6,0,0,0,0,0,0,0,,0,46,22,315,14.32,0,WR,32,56.5,42.5,,106,
279,Justin Hunter,TEN,24,9,5,0,0,0,0,0,0,0,,0,31,22,264,12.00,1,WR,32,57.4,43.4,,104,
280,Michael Vick,PIT,35,5,3,40,66,371,2,1,20,99,4.95,0,0,0,0,,0,QB,31,34.7,31.7,,47,
281,Eddie Royal,CHI,29,9,9,0,0,0,0,0,1,-1,-1.00,0,50,37,238,6.43,1,WR,30,69.7,48.2,,108,
282,Marc Mariani,CHI,28,16,5,0,0,0,0,0,0,0,,0,33,22,300,13.64,0,WR,30,54.0,39.0,,107,
283,Cameron Artis-Payne,CAR,25,7,0,0,0,0,0,0,45,183,4.07,1,5,5,58,11.60,0,RB,30,38.1,32.6,,84,
284,Zach Line,MIN,25,16,5,0,0,0,0,0,6,10,1.67,2,9,6,95,15.83,1,RB,29,34.5,31.5,,85,
285,Marqise Lee,JAX,24,10,1,0,0,0,0,0,5,38,7.60,0,32,15,191,12.73,1,WR,29,46.9,36.4,,109,
286,Matt Schaub,BAL,34,2,2,52,80,540,3,4,4,10,2.50,0,0,0,0,,0,QB,29,33.6,30.6,,48,
287,Robert Turbin,2TM,26,10,0,0,0,0,0,0,50,199,3.98,1,10,7,23,3.29,0,RB,28,38.2,31.7,,87,
288,Lance Dunbar,DAL,25,4,0,0,0,0,0,0,5,67,13.40,0,23,21,215,10.24,0,RB,28,52.2,38.7,,88,
289,Miles Austin,PHI,31,11,1,0,0,0,0,0,0,0,,0,31,13,224,17.23,1,WR,28,44.4,34.9,,110,
290,Phillip Dorsett,IND,22,11,0,0,0,0,0,0,3,17,5.67,0,39,18,225,12.50,1,WR,28,50.2,37.2,,111,
291,Nick Williams,ATL,25,14,0,0,0,0,0,0,0,0,,0,25,17,159,9.35,2,WR,28,47.9,36.4,,112,
292,Jermaine Gresham,ARI,27,15,12,0,0,0,0,0,0,0,,0,32,18,223,12.39,1,TE,28,49.3,37.3,,44,
293,Andrew Hawkins,CLE,29,8,8,0,0,0,0,0,0,0,,0,43,27,276,10.22,0,WR,28,58.6,41.1,,113,
294,Travaris Cadet,3TM,26,7,1,0,1,0,0,0,11,28,2.55,0,22,17,214,12.59,1,RB,28,49.2,36.7,,86,
295,Greg Jennings,MIA,32,16,5,0,0,0,0,0,0,0,,0,36,19,208,10.95,1,WR,27,48.8,36.3,,117,
296,De'Anthony Thomas,KAN,22,10,1,0,0,0,0,0,9,34,3.78,1,25,17,140,8.24,1,WR,27,48.4,35.9,,114,
297,Jeremy Kerley,NYJ,27,16,1,0,0,0,0,0,0,0,,0,26,16,152,9.50,2,WR,27,46.2,35.2,,115,
298,Ty Montgomery,GNB,22,6,3,0,0,0,0,0,3,14,4.67,0,19,15,136,9.07,2,WR,27,45.0,34.5,,116,
299,DuJuan Harris,2TM,27,4,1,0,0,0,0,0,48,189,3.94,0,14,9,97,10.78,0,RB,27,39.6,31.1,,89,
300,Luke Willson,SEA,25,14,7,0,0,0,0,0,0,0,,0,26,17,213,12.53,1,TE,27,47.3,35.8,,45,
301,Brice Butler,DAL,25,7,2,0,0,0,0,0,0,0,,0,26,12,258,21.50,0,WR,26,40.8,31.8,,119,
302,Chris Conley,KAN,23,16,5,0,0,0,0,0,0,0,,0,31,17,199,11.71,1,WR,26,45.9,34.4,,118,
303,Christine Michael,2TM,25,8,2,0,0,0,0,0,54,243,4.50,0,6,3,16,5.33,0,RB,26,31.9,27.4,,90,
304,Jonas Gray,2TM,25,8,0,0,0,0,0,0,45,176,3.91,0,8,7,76,10.86,0,RB,25,35.2,28.7,,92,
305,Jamize Olawale,OAK,26,14,3,0,0,0,0,0,24,110,4.58,1,11,9,84,9.33,0,RB,25,37.4,29.9,,91,
306,Craig Stevens,TEN,31,16,11,0,0,0,0,0,0,0,,0,16,12,121,10.08,2,TE,24,39.1,30.1,,46,
307,Josh Hill,NOR,25,16,7,0,0,0,0,0,0,0,,0,30,16,120,7.50,2,TE,24,43.0,32.0,,48,
308,Michael Hoomanawanui,2TM,27,14,8,0,0,0,0,0,1,0,0.00,0,16,11,76,6.91,3,TE,24,35.6,29.1,,49,
309,Ed Dickson,CAR,28,16,11,0,0,0,0,0,0,0,,0,26,17,121,7.12,2,TE,24,50.1,38.6,,47,
310,Stedman Bailey,STL,25,8,3,0,0,0,0,0,0,0,,0,25,12,182,15.17,1,WR,24,39.2,30.2,,121,
311,Rashad Ross,WAS,25,13,0,0,0,0,0,0,0,0,,0,13,8,184,23.00,1,WR,24,41.4,34.4,,120,
312,Orleans Darkwa,NYG,23,16,0,0,0,0,0,0,36,153,4.25,1,5,3,31,10.33,0,RB,24,30.4,25.9,,93,
313,Taylor Gabriel,CLE,24,13,4,0,0,0,0,0,0,0,,0,48,28,241,8.61,0,WR,24,56.1,38.1,,122,
314,Landry Jones,PIT,26,7,2,32,55,513,3,4,5,-5,-1.00,0,0,0,0,,0,QB,24,30.0,26.0,,49,
315,Damien Williams,MIA,23,16,0,0,0,0,0,0,16,59,3.69,0,28,21,142,6.76,1,RB,24,49.1,34.6,,95,
316,Matt Asiata,MIN,28,16,0,0,0,0,0,0,29,112,3.86,0,22,19,132,6.95,0,RB,24,49.4,33.9,,94,
317,Virgil Green,DEN,27,16,5,0,0,0,0,0,0,0,,0,15,12,173,14.42,1,TE,23,38.3,29.3,,50,
318,Griff Whalen,IND,25,14,0,0,0,0,0,0,0,0,,0,26,19,205,10.79,1,WR,23,46.5,32.0,,125,
319,Fozzy Whittaker,CAR,26,15,1,0,0,0,0,0,25,108,4.32,1,15,12,64,5.33,0,RB,23,38.2,29.2,,96,
320,Adam Thielen,MIN,25,16,2,0,0,0,0,0,4,89,22.25,0,18,12,144,12.00,0,WR,23,38.3,29.3,,124,
321,Terron Ward,ATL,23,13,0,0,0,0,0,0,29,95,3.28,1,13,9,73,8.11,0,RB,23,31.8,27.3,,98,
322,T.J. Yates,HOU,28,4,2,28,57,370,3,1,6,0,0.00,0,0,0,0,,0,QB,23,27.8,23.8,,50,
323,Patrick DiMarco*,ATL,26,16,8,0,0,0,0,0,1,0,0.00,0,17,13,110,8.46,2,RB,23,39.0,29.5,,97,
324,Rashad Greene,JAX,23,9,0,0,0,0,0,0,0,0,,0,35,19,93,4.89,2,WR,23,46.3,36.8,,123,
325,Marcedes Lewis,JAX,31,16,16,0,0,0,0,0,0,0,,0,37,16,226,14.13,0,TE,23,41.6,30.6,,52,
326,Clay Harbor,JAX,28,15,2,0,0,0,0,0,0,0,,0,20,14,149,10.64,1,TE,23,39.9,29.9,,51,
327,Taiwan Jones,OAK,27,12,0,0,0,0,0,0,16,74,4.63,0,9,7,106,15.14,1,RB,22,33.0,25.5,,99,
328,Bennie Fowler,DEN,24,16,1,0,0,0,0,0,0,0,,0,25,16,203,12.69,0,WR,22,39.3,28.3,,126,
329,Branden Oliver,SDG,24,8,1,0,0,0,0,0,31,108,3.48,0,15,13,112,8.62,0,RB,22,41.0,28.5,,100,
330,Zac Stacy,NYJ,24,8,0,0,0,0,0,0,31,89,2.87,1,12,9,65,7.22,0,RB,21,30.4,25.9,,101,
331,Terrance West,2TM,24,8,0,0,0,0,0,0,62,231,3.73,0,5,4,21,5.25,0,RB,21,30.2,23.2,,102,
332,Bruce Miller,SFO,28,16,5,0,0,0,0,0,6,14,2.33,1,14,10,135,13.50,0,RB,21,33.9,25.9,,103,
333,Chris Matthews,2TM,26,13,0,0,0,0,0,0,0,0,,0,25,13,151,11.62,1,WR,21,37.1,27.6,,127,
334,C.J. Fiedorowicz,HOU,24,16,14,0,0,0,0,0,0,0,,0,24,17,167,9.82,1,TE,21,41.7,29.2,,53,
335,Jordan Norwood,DEN,29,11,5,0,0,0,0,0,0,0,,0,32,22,207,9.41,0,WR,21,45.7,31.7,,128,
336,Tim Wright,DET,25,9,1,0,0,0,0,0,0,0,,0,16,9,77,8.56,2,TE,20,28.7,24.2,,55,
337,Geno Smith,NYJ,25,1,0,27,42,265,2,1,2,34,17.00,0,0,0,0,,0,QB,20,21.0,21.0,,51,
338,David Cobb,TEN,22,7,1,0,0,0,0,0,52,146,2.81,1,2,1,-2,-2.00,0,RB,20,24.4,20.9,,104,
339,Derek Carrier,WAS,25,12,11,0,0,0,0,0,0,0,,0,22,17,141,8.29,1,TE,20,40.1,28.6,,54,
340,Andre Caldwell,DEN,30,14,0,0,0,0,0,0,1,3,3.00,0,22,10,72,7.20,2,WR,20,29.5,24.5,,131,
341,Louis Murphy,TAM,28,6,1,0,0,0,0,0,0,0,,0,18,10,198,19.80,0,WR,20,32.8,24.8,,130,
342,Jalston Fowler,TEN,25,16,0,0,0,0,0,0,7,13,1.86,1,6,5,44,8.80,1,RB,20,22.7,20.2,,107,
343,Kerwynn Williams,ARI,24,6,0,0,0,0,0,0,27,142,5.26,1,2,2,16,8.00,0,RB,20,25.8,20.8,,106,
344,John Kuhn*,GNB,33,16,6,0,0,0,0,0,9,28,3.11,2,10,6,56,9.33,0,RB,20,26.4,23.4,,105,
345,Jaron Brown,ARI,25,16,0,0,0,0,0,0,0,0,,0,23,11,144,13.09,1,WR,20,34.4,25.9,,129,
346,Austin Davis,CLE,26,3,2,56,94,547,1,3,7,33,4.71,0,0,0,0,,0,QB,19,27.2,22.2,,52,
347,Blake Bell,SFO,24,14,5,0,0,0,0,0,0,0,,0,25,15,186,12.40,0,TE,19,36.6,26.1,,57,
348,Javontee Herndon,SDG,24,8,2,0,0,0,0,0,1,13,13.00,0,33,24,195,8.13,0,WR,19,46.8,30.8,,134,
349,Tyler Kroft,CIN,23,16,6,0,0,0,0,0,0,0,,0,15,11,129,11.73,1,TE,19,32.9,24.4,,56,
350,Donteea Dye,TAM,22,10,6,0,0,0,0,0,0,0,,0,30,11,132,12.00,1,WR,19,33.2,24.7,,133,
351,Justin Hardy,ATL,24,9,1,0,0,0,0,0,0,0,,0,36,21,194,9.24,0,WR,19,43.4,29.9,,132,
352,Rhett Ellison,MIN,27,15,9,0,0,0,0,0,0,0,,0,19,11,124,11.27,1,TE,18,32.4,23.9,,58,
353,Kenbrell Thompkins,NYJ,27,7,2,0,0,0,0,0,0,0,,0,33,17,165,9.71,0,WR,17,36.5,25.0,,136,
354,T.J. Jones,DET,23,10,0,0,0,0,0,0,1,-3,-3.00,0,18,10,132,13.20,1,WR,17,30.9,21.9,,135,
355,Roy Helu,OAK,27,9,0,0,1,0,0,0,17,39,2.29,0,16,9,75,8.33,1,RB,17,26.4,21.9,,108,
356,Nick Boyle,BAL,22,11,2,0,0,0,0,0,0,0,,0,23,18,153,8.50,0,TE,17,38.3,26.3,,59,
357,Dwayne Allen,IND,25,13,12,0,0,0,0,0,1,1,1.00,0,29,16,109,6.81,1,TE,17,36.0,25.0,,60,
358,Dion Sims,MIA,24,13,4,0,0,0,0,0,0,0,,0,25,18,127,7.06,1,TE,17,38.7,25.7,,61,
359,Jake Stoneburner,MIA,26,11,1,0,0,0,0,0,0,0,,0,5,5,47,9.40,2,TE,17,21.7,19.2,,62,
360,Justin Perillo,GNB,24,9,0,0,0,0,0,0,0,0,,0,13,11,102,9.27,1,TE,16,30.2,21.7,,63,
361,Knile Davis,KAN,24,14,0,0,0,0,0,0,28,72,2.57,1,3,2,24,12.00,0,RB,16,17.6,16.6,,109,
362,Devin Smith,NYJ,23,10,3,0,0,0,0,0,0,0,,0,28,9,115,12.78,1,WR,16,28.5,20.0,,137,
363,Tyrell Williams,SDG,23,4,0,0,0,0,0,0,0,0,,0,5,2,90,45.00,1,WR,15,17.0,16.0,,139,
364,Devin Street,DAL,24,14,2,0,0,0,0,0,0,0,,0,13,7,114,16.29,1,WR,15,26.4,18.9,,138,
365,Anthony Dixon,BUF,28,16,1,0,0,0,0,0,21,44,2.10,1,7,6,44,7.33,0,RB,15,20.8,17.8,,111,
366,Myles White,NYG,25,12,0,0,0,0,0,0,0,0,,0,20,7,88,12.57,1,WR,15,21.8,18.3,,140,
367,Pierre Thomas,2TM,31,5,0,0,0,0,0,0,15,64,4.27,0,11,9,84,9.33,0,RB,15,23.8,19.3,,110,
368,Troy Niklas,ARI,23,16,3,0,0,0,0,0,0,0,,0,4,4,33,8.25,2,TE,15,19.3,17.3,,64,
369,Chris Gragg,BUF,25,13,4,0,0,0,0,0,0,0,,0,20,12,150,12.50,0,TE,15,30.0,21.0,,65,
370,Rex Burkhead,CIN,25,16,0,0,0,0,0,0,4,4,1.00,0,15,10,94,9.40,1,RB,14,24.8,18.8,,112,
371,Lorenzo Taliaferro,BAL,24,3,0,0,0,0,0,0,13,47,3.62,1,5,5,29,5.80,0,RB,14,18.6,16.1,,113,
372,Jesse James,PIT,21,8,2,0,0,0,0,0,0,0,,0,11,8,56,7.00,1,TE,14,21.6,17.6,,66,
373,Aaron Dobson,NWE,24,8,3,0,0,0,0,0,0,0,,0,21,13,141,10.85,0,WR,14,30.1,20.6,,141,
374,Marlon Moore,CLE,28,14,2,0,0,0,0,0,0,0,,0,10,7,81,11.57,1,WR,14,21.1,17.6,,142,
375,Bruce Ellington,SFO,24,13,0,0,0,0,0,0,1,7,7.00,0,19,13,153,11.77,0,WR,14,31.0,20.5,,143,
376,Akeem Hunt,HOU,22,7,1,0,0,0,0,0,17,96,5.65,0,10,6,39,6.50,0,RB,14,19.5,16.5,,114,
377,Jason Avant,KAN,32,16,1,0,0,0,0,0,0,0,,0,24,15,119,7.93,0,WR,14,29.9,19.4,,144,
378,Andre Roberts,WAS,27,9,0,0,0,0,0,0,0,0,,0,21,11,135,12.27,0,WR,14,33.5,25.0,,145,
379,John Phillips,SDG,28,16,5,0,0,0,0,0,0,0,,0,11,10,69,6.90,1,TE,13,22.9,17.9,,72,
380,Jared Abbrederis,GNB,25,9,0,0,0,0,0,0,0,0,,0,16,9,111,12.33,0,WR,13,23.1,15.6,,146,
381,Cooper Helfet,SEA,26,13,2,0,0,0,0,0,0,0,,0,22,13,130,10.00,0,TE,13,29.0,19.5,,70,
382,Kenjon Barner,PHI,26,11,0,0,0,0,0,0,28,124,4.43,0,12,9,22,2.44,0,RB,13,25.6,17.1,,117,
383,Lee Smith,OAK,28,15,15,0,0,0,0,0,0,0,,0,13,12,70,5.83,1,TE,13,25.0,19.0,,71,
384,Demetrius Harris,KAN,24,16,9,0,0,0,0,0,0,0,,0,11,7,74,10.57,1,TE,13,20.4,16.9,,67,
385,Brandon Myers,TAM,30,11,6,0,0,0,0,0,0,0,,0,17,12,127,10.58,0,TE,13,27.7,18.7,,73,
386,Brandon Pettigrew,DET,30,8,8,0,0,0,0,0,0,0,,0,15,7,67,9.57,1,TE,13,19.7,16.2,,74,
387,Jack Doyle,IND,25,16,2,0,0,0,0,0,0,0,,0,14,12,72,6.00,1,TE,13,25.2,19.2,,68,
388,Luke McCown,NOR,34,8,1,32,39,335,0,1,0,0,,0,0,0,0,,0,QB,13,15.4,12.4,,53,
389,Steven Jackson,NWE,32,2,1,0,0,0,0,0,21,50,2.38,1,1,1,20,20.00,0,RB,13,14.0,13.5,,116,
390,Bryce Brown,SEA,24,3,0,0,0,0,0,0,25,72,2.88,1,2,0,0,,0,RB,13,13.2,13.2,,115,
391,Dan Herron,2TM,26,10,0,0,0,0,0,0,25,79,3.16,0,10,9,47,5.22,0,RB,13,21.6,17.1,,118,
392,Charles Johnson,MIN,26,11,4,0,0,0,0,0,0,0,,0,13,9,127,14.11,0,WR,13,24.7,17.2,,149,
393,Keith Mumphery,HOU,23,16,3,0,0,0,0,0,0,0,,0,32,14,129,9.21,0,WR,13,29.9,19.9,,148,
394,Ricardo Lockette,SEA,29,8,0,0,0,0,0,0,0,0,,0,7,4,69,17.25,1,WR,13,16.9,14.9,,147,
395,Chase Coffman,2TM,29,2,0,0,0,0,0,0,0,0,,0,11,8,71,8.88,1,TE,13,21.1,17.1,,69,
396,Tony Moeaki,ATL,28,10,0,0,0,0,0,0,0,0,,0,5,3,58,19.33,1,TE,12,14.8,13.3,,76,
397,Luke Stocker,TAM,27,14,13,0,0,0,0,0,0,0,,0,13,9,61,6.78,1,TE,12,21.1,16.6,,75,
398,Cameron Meredith,CHI,23,11,0,0,0,0,0,0,0,0,,0,16,11,120,10.91,0,WR,12,26.0,17.5,,150,
399,Cody Latimer,DEN,23,14,1,0,0,0,0,0,2,1,0.50,0,11,6,59,9.83,1,WR,12,18.0,15.0,,151,
400,Brandon Tate,CIN,28,16,0,0,0,0,0,0,0,0,,0,3,2,59,29.50,1,WR,12,13.9,12.9,,152,
401,Marcus Easley,BUF,28,13,0,0,0,0,0,0,0,0,,0,3,1,58,58.00,1,WR,12,12.8,12.3,,153,
402,Matt McGloin,OAK,26,2,0,23,32,142,2,1,0,0,,0,0,0,0,,0,QB,12,11.7,10.7,,54,
403,Darius Jennings,CLE,23,4,1,0,0,0,0,0,0,0,,0,21,14,117,8.36,0,WR,12,28.7,18.7,,154,
404,Kendall Gaskins,SFO,25,9,0,0,0,0,0,0,16,38,2.38,0,10,8,69,8.63,0,RB,11,18.7,14.7,,120,
405,Will Tukuafu,SEA,31,14,1,0,0,0,0,0,4,1,0.25,1,1,1,7,7.00,1,RB,11,12.8,11.3,,119,
406,Marlon Brown,BAL,24,10,2,0,0,0,0,0,0,0,,0,30,14,112,8.00,0,WR,11,28.2,18.2,,157,
407,Russell Shepard,TAM,25,13,1,0,0,0,0,0,0,0,,0,9,3,28,9.33,1,WR,11,11.8,10.3,,158,
408,Michael Campanaro,BAL,24,4,0,0,0,0,0,0,2,17,8.50,1,6,5,35,7.00,0,WR,11,16.2,13.7,,156,
409,Jerome Simpson,SFO,29,5,1,0,0,0,0,0,0,0,,0,19,5,54,10.80,1,WR,11,16.4,13.9,,155,
410,Josh Freeman,IND,27,1,1,15,28,149,1,1,8,24,3.00,0,0,0,0,,0,QB,10,11.4,11.4,,55,
411,Juwan Thompson,DEN,23,15,1,0,0,0,0,0,18,48,2.67,0,9,6,51,8.50,0,RB,10,15.9,12.9,,125,
412,Will Johnson,PIT,26,16,4,0,0,0,0,0,4,7,1.75,1,4,2,16,8.00,0,RB,10,12.3,11.3,,121,
413,Brenton Bersin,CAR,25,9,2,0,0,0,0,0,0,0,,0,11,9,119,13.22,0,WR,10,22.9,14.4,,162,
414,Dan Orlovsky,DET,32,3,0,22,40,201,1,1,0,0,,0,0,0,0,,0,QB,10,11.0,11.0,,56,
415,Lucky Whitehead,DAL,23,15,1,0,0,0,0,0,10,107,10.70,0,8,6,16,2.67,0,WR,10,20.3,13.3,,159,
416,Austin Johnson,NOR,26,10,1,0,0,0,0,0,4,9,2.25,1,8,5,30,6.00,0,RB,10,14.9,12.4,,124,
417,Michael Burton,DET,23,16,7,0,0,0,0,0,4,2,0.50,0,6,6,39,6.50,1,RB,10,16.1,13.1,,122,
418,Gavin Escobar,DAL,24,14,4,0,0,0,0,0,0,0,,0,13,8,64,8.00,1,TE,10,19.4,14.4,,77,
419,Mike Davis,SFO,22,6,0,0,0,0,0,0,35,58,1.66,0,13,7,38,5.43,0,RB,10,16.6,13.1,,126,
420,Wes Welker,STL,34,8,0,0,0,0,0,0,0,0,,0,22,13,102,7.85,0,WR,10,26.2,16.7,,161,
421,Ryan Hewitt,CIN,24,15,12,0,0,0,0,0,0,0,,0,12,8,99,12.38,0,RB,10,17.9,13.9,,123,
422,Brian Quick,STL,26,13,3,0,0,0,0,0,0,0,,0,32,10,102,10.20,0,WR,10,23.2,15.2,,160,
423,Garrett Graham,HOU,29,8,2,0,0,0,0,0,0,0,,0,19,4,30,7.50,1,TE,9,13.0,11.0,,78,
424,Stevan Ridley,NYJ,26,9,1,0,0,0,0,0,36,90,2.50,0,5,4,-2,-0.50,0,RB,9,12.8,10.8,,127,
425,James O'Shaughnessy,KAN,23,7,3,0,0,0,0,0,0,0,,0,9,6,87,14.50,0,TE,9,14.7,11.7,,80,
426,Colt McCoy,WAS,29,1,0,7,11,128,1,0,3,-3,-1.00,0,0,0,0,,0,QB,9,8.8,8.8,,57,
427,MyCole Pruitt,MIN,23,16,3,0,0,0,0,0,0,0,,0,16,10,89,8.90,0,TE,9,18.9,13.9,,79,
428,Zurlon Tipton,IND,25,10,0,0,0,0,0,0,5,20,4.00,0,8,5,57,11.40,0,RB,8,12.7,10.2,,128,
429,Deonte Thompson,CHI,26,7,0,0,0,0,0,0,0,0,,0,3,2,81,40.50,0,WR,8,10.1,9.1,,163,
430,Tre McBride,TEN,23,7,0,0,0,0,0,0,1,8,8.00,0,4,2,8,4.00,1,WR,8,9.6,8.6,,166,
431,Jeff Janis,GNB,24,16,0,0,0,0,0,0,0,0,,0,12,2,79,39.50,0,WR,8,9.9,8.9,,165,
432,Chris Owusu,NYJ,25,3,2,0,0,0,0,0,0,0,,0,13,6,80,13.33,0,WR,8,14.0,11.0,,164,
433,Alex Tanney,TEN,28,1,0,10,14,99,1,0,0,0,,0,0,0,0,,0,QB,8,8.0,8.0,,58,
434,Kellen Davis,NYJ,30,16,9,0,0,0,0,0,0,0,,0,11,3,18,6.00,1,TE,8,10.8,9.3,,82,
435,Jeff Cumberland,NYJ,28,15,6,0,0,0,0,0,0,0,,0,14,5,77,15.40,0,TE,8,12.7,10.2,,83,
436,James Hanna,DAL,26,14,7,0,0,0,0,0,0,0,,0,14,9,79,8.78,0,TE,8,16.9,12.4,,81,
437,Toby Gerhart,JAX,28,7,1,0,0,0,0,0,20,44,2.20,0,5,3,23,7.67,0,RB,7,9.7,8.2,,130,
438,Zach Zenner,DET,24,6,1,0,0,0,0,0,17,60,3.53,0,3,2,11,5.50,0,RB,7,9.1,8.1,,129,
439,Bradley Marquez,STL,,16,1,0,0,0,0,0,0,0,,0,22,13,88,6.77,0,WR,7,20.8,13.3,,167,
440,Ryan Nassib,NYG,25,1,0,5,5,68,1,0,0,0,,0,0,0,0,,0,QB,7,6.7,6.7,,59,
441,Levine Toilolo,ATL,24,16,15,0,0,0,0,0,0,0,,0,12,7,44,6.29,0,TE,6,13.4,9.9,,84,
442,Daniel Brown,BAL,23,6,1,0,0,0,0,0,0,0,,0,11,6,64,10.67,0,WR,6,12.4,9.4,,168,
443,Daniel Fells,NYG,32,2,1,0,0,0,0,0,0,0,,0,7,6,60,10.00,0,TE,6,12.0,9.0,,86,
444,Jerome Cunningham,NYG,24,9,3,0,0,0,0,0,0,0,,0,16,8,59,7.38,0,TE,6,13.9,9.9,,87,
445,Jarryd Hayne,SFO,27,8,1,0,0,0,0,0,17,52,3.06,0,7,6,27,4.50,0,RB,6,12.9,8.9,,133,
446,Kevin Smith,SEA,24,7,1,0,0,0,0,0,0,0,,0,5,3,43,14.33,0,WR,6,7.3,5.8,,169,
447,Fitzgerald Toussaint,PIT,25,5,0,0,0,0,0,0,18,42,2.33,0,0,0,0,,0,RB,6,6.2,6.2,,131,
448,Stepfan Taylor,ARI,24,16,0,0,0,0,0,0,17,58,3.41,0,3,1,4,4.00,0,RB,6,7.2,6.7,,132,
449,Ryan Lindley,IND,26,1,0,6,10,58,1,0,0,0,,0,0,0,0,,0,QB,6,6.3,6.3,,61,
450,Kellen Clemens,SDG,32,2,0,5,6,63,1,0,1,-1,-1.00,0,0,0,0,,0,QB,6,6.4,6.4,,60,
451,Jim Dray,CLE,29,16,10,0,0,0,0,0,0,0,,0,16,6,61,10.17,0,TE,6,12.1,9.1,,85,
452,Tommy Bohanon,NYJ,25,16,4,0,0,0,0,0,2,2,1.00,0,8,4,56,14.00,0,RB,6,9.8,7.8,,134,
453,Corey Fuller,DET,25,12,0,0,0,0,0,0,0,0,,0,9,4,76,19.00,0,WR,6,10.6,7.6,,170,
454,Anthony Sherman,KAN,27,16,2,0,0,0,0,0,1,0,0.00,0,5,4,34,8.50,0,RB,5,7.4,5.4,,135,
455,Dwayne Bowe,CLE,31,7,0,0,0,0,0,0,0,0,,0,13,5,53,10.60,0,WR,5,10.3,7.8,,172,
456,Josh Robinson,IND,23,5,0,0,0,0,0,0,17,39,2.29,0,6,6,33,5.50,0,RB,5,12.2,8.2,,136,
457,Trey Burton,PHI,24,16,0,0,0,0,0,0,0,0,,0,4,3,54,18.00,0,TE,5,8.4,6.9,,88,
458,Hakeem Nicks,NYG,27,6,2,0,0,0,0,0,0,0,,0,14,7,54,7.71,0,WR,5,12.4,8.9,,171,
459,Jacquizz Rodgers,CHI,25,5,0,0,0,0,0,0,14,41,2.93,0,3,1,10,10.00,0,RB,5,6.1,5.6,,137,
460,Reggie Bush,SFO,30,5,1,0,0,0,0,0,8,28,3.50,0,10,4,19,4.75,0,RB,5,8.7,6.7,,139,
461,Joey Iosefa,NWE,24,2,0,0,0,0,0,0,15,51,3.40,0,0,0,0,,0,RB,5,5.1,5.1,,138,
462,Paul Richardson,SEA,23,1,0,0,0,0,0,0,0,0,,0,1,1,40,40.00,0,WR,4,5.0,4.5,,176,
463,Terrelle Pryor,CLE,26,3,2,0,0,0,0,0,1,-1,-1.00,0,8,1,42,42.00,0,WR,4,5.1,4.6,,175,
464,Greg Salas,BUF,27,2,0,0,0,0,0,0,0,0,,0,5,3,41,13.67,0,WR,4,7.1,5.6,,174,
465,Nick O'Leary,BUF,23,4,0,0,0,0,0,0,0,0,,0,3,1,37,37.00,0,TE,4,4.7,4.2,,89,
466,Preston Parker,NYG,28,2,1,0,0,0,0,0,0,0,,0,12,5,43,8.60,0,WR,4,9.3,6.8,,173,
467,Charlie Whitehurst,2TM,33,5,0,16,32,150,0,1,2,1,0.50,0,0,0,0,,0,QB,4,5.1,5.1,,62,
468,Jeremy Ross,2TM,27,11,0,0,0,0,0,0,1,2,2.00,0,14,9,88,9.78,0,WR,3,15.0,7.5,,177,
469,Jay Prosch,HOU,23,16,2,0,0,0,0,0,6,33,5.50,0,1,0,0,,0,RB,3,3.3,3.3,,140,
470,Darrel Young,WAS,28,16,3,0,0,0,0,0,6,10,1.67,0,6,6,22,3.67,0,RB,3,9.2,6.2,,141,
471,Derrick Coleman,SEA,25,14,3,0,0,0,0,0,8,32,4.00,0,1,1,0,0.00,0,RB,3,4.2,3.7,,142,
472,Rob Housler,2TM,27,10,0,0,0,0,0,0,0,0,,0,7,4,33,8.25,0,TE,3,7.3,5.3,,90,
473,B.J. Daniels,2TM,26,8,0,1,2,7,0,0,6,6,1.00,0,2,2,18,9.00,0,WR,3,4.7,3.7,,179,
474,Michael Williams,NWE,25,15,9,0,0,0,0,0,0,0,,0,6,3,26,8.67,0,TE,3,5.6,4.1,,93,
475,Cory Harkey,STL,25,16,6,0,0,0,0,0,0,0,,0,6,5,26,5.20,0,TE,3,7.6,5.1,,92,
476,Andrew Quarless,GNB,27,5,1,0,0,0,0,0,0,0,,0,5,4,31,7.75,0,TE,3,7.1,5.1,,91,
477,Rod Streater,OAK,27,1,0,0,0,0,0,0,0,0,,0,1,1,8,8.00,0,WR,3,1.8,1.3,,178,
478,Andrew Turzilli,TEN,,3,0,0,0,0,0,0,0,0,,0,2,2,25,12.50,0,WR,3,4.5,3.5,,180,
479,Aaron Ripkowski,GNB,23,15,0,0,0,0,0,0,0,0,,0,1,1,18,18.00,0,RB,2,2.8,2.3,,147,
480,Bernard Pierce,JAX,24,7,0,0,0,0,0,0,6,11,1.83,0,5,3,7,2.33,0,RB,2,4.8,3.3,,148,
481,Malcolm Brown,STL,,1,0,0,0,0,0,0,4,17,4.25,0,1,1,-2,-2.00,0,RB,2,2.5,2.0,,150,
482,Malcolm Johnson,CLE,23,12,5,0,0,0,0,0,0,0,,0,6,4,15,3.75,0,RB,2,5.5,3.5,,151,
483,T.J. Graham,NOR,26,4,0,0,0,0,0,0,0,0,,0,4,4,24,6.00,0,WR,2,6.4,4.4,,181,
484,Marquise Goodwin,BUF,25,2,0,0,0,0,0,0,0,0,,0,2,2,24,12.00,0,WR,2,4.4,3.4,,182,
485,DeAndrew White,SFO,,4,0,0,0,0,0,0,0,0,,0,2,2,18,9.00,0,WR,2,3.8,2.8,,185,
486,Darren Waller,BAL,23,6,1,0,0,0,0,0,0,0,,0,6,2,18,9.00,0,WR,2,3.8,2.8,,186,
487,Mario Alford,CIN,23,1,0,0,0,0,0,0,0,0,,0,1,1,15,15.00,0,WR,2,2.5,2.0,,188,
488,Roosevelt Nix,PIT,23,15,3,0,0,0,0,0,0,0,,0,3,2,16,8.00,0,RB,2,3.6,2.6,,149,
489,Vincent Brown,SDG,26,1,0,0,0,0,0,0,0,0,,0,2,1,22,22.00,0,WR,2,3.2,2.7,,183,
490,Tyler Murphy,PIT,23,2,0,0,0,0,0,0,0,0,,0,1,1,16,16.00,0,QB,2,2.6,2.1,,63,
491,Eric Weems,ATL,30,16,0,0,0,0,0,0,1,4,4.00,0,1,1,11,11.00,0,WR,2,2.5,2.0,,187,
492,Alonzo Harris,GNB,23,6,0,0,0,0,0,0,4,19,4.75,0,1,0,0,,0,RB,2,1.9,1.9,,146,
493,Tyler Varga,IND,22,3,0,0,0,0,0,0,1,2,2.00,0,2,1,18,18.00,0,RB,2,3.0,2.5,,145,
494,John Crockett,GNB,23,2,0,0,0,0,0,0,9,21,2.33,0,0,0,0,,0,RB,2,2.1,2.1,,144,
495,Jordan Todman,PIT,25,11,0,0,0,0,0,0,4,22,5.50,0,2,0,0,,0,RB,2,2.2,2.2,,143,
496,Geremy Davis,NYG,23,10,0,0,0,0,0,0,0,0,,0,3,2,21,10.50,0,WR,2,4.1,3.1,,184,
497,Matt LaCosse,NYG,23,2,0,0,0,0,0,0,0,0,,0,3,3,22,7.33,0,TE,2,5.2,3.7,,94,
498,Khari Lee,CHI,23,16,7,0,0,0,0,0,0,0,,0,3,1,7,7.00,0,TE,1,1.7,1.2,,98,
499,Scott Simonson,CAR,23,9,0,0,0,0,0,0,0,0,,0,1,1,10,10.00,0,TE,1,2.0,1.5,,97,
500,Tony Washington,JAX,25,4,0,0,0,0,0,0,1,8,8.00,0,0,0,0,,0,WR,1,0.8,0.8,,194,
501,Terrance Magee,BAL,,3,0,0,0,0,0,0,2,5,2.50,0,1,1,2,2.00,0,RB,1,1.7,1.2,,158,
502,Derek Anderson,CAR,32,3,0,4,6,36,0,0,7,-2,-0.29,0,0,0,0,,0,QB,1,1.2,1.2,,64,
503,Chandler Worthy,HOU,22,3,0,0,0,0,0,0,0,0,,0,4,3,14,4.67,0,WR,1,4.4,2.9,,189,
504,E.J. Bibbs,CLE,24,7,0,0,0,0,0,0,0,0,,0,2,1,7,7.00,0,TE,1,1.7,1.2,,99,
505,Brian Parker,KAN,23,9,0,0,0,0,0,0,0,0,,0,2,1,6,6.00,0,TE,1,1.6,1.1,,101,
506,Kasen Williams,SEA,,2,0,0,0,0,0,0,1,5,5.00,0,1,1,8,8.00,0,WR,1,2.3,1.8,,190,
507,Nic Jacobs,JAX,24,11,3,0,0,0,0,0,0,0,,0,3,1,6,6.00,0,TE,1,1.6,1.1,,100,
508,Brittan Golden,ARI,27,16,0,0,0,0,0,0,0,0,,0,1,1,5,5.00,0,WR,1,1.5,1.0,,197,
509,Ben Edwards,NYG,23,2,0,0,0,0,0,0,0,0,,0,2,1,9,9.00,0,WR,1,1.9,1.4,,193,
510,Jonathan Krause,PHI,23,2,0,0,0,0,0,0,0,0,,0,4,2,11,5.50,0,WR,1,3.1,2.1,,192,
511,Tarvaris Jackson,SEA,32,4,0,4,6,37,0,0,8,-8,-1.00,0,0,0,0,,0,QB,1,0.7,0.7,,66,
512,Antone Smith,CHI,30,5,0,0,0,0,0,0,1,11,11.00,0,0,0,0,,0,RB,1,1.1,1.1,,157,
513,Rod Smith,2TM,,11,0,0,0,0,0,0,2,5,2.50,0,2,1,6,6.00,0,RB,1,2.1,1.6,,156,
514,Phillip Supernaw,TEN,25,16,1,0,0,0,0,0,0,0,,0,4,3,32,10.67,0,TE,1,5.2,2.7,,95,
515,Matt Spaeth,PIT,32,13,7,0,0,0,0,0,0,0,,0,3,2,10,5.00,0,TE,1,3.0,2.0,,96,
516,Bobby Rainey,TAM,28,16,0,0,0,0,0,0,5,18,3.60,0,3,3,16,5.33,0,RB,1,5.4,2.9,,153,
517,Jerome Felton,BUF,29,16,8,0,0,0,0,0,1,2,2.00,0,2,1,12,12.00,0,RB,1,2.4,1.9,,152,
518,Cordarrelle Patterson,MIN,24,16,1,0,0,0,0,0,2,15,7.50,0,2,2,10,5.00,0,WR,1,15.5,13.5,,196,
519,Jorvorskie Lane,TAM,28,16,6,0,0,0,0,0,1,0,0.00,0,2,2,13,6.50,0,RB,1,3.3,2.3,,154,
520,Sean Mannion,STL,23,1,0,6,7,31,0,0,0,0,,0,0,0,0,,0,QB,1,1.2,1.2,,65,
521,Sammie Coates,PIT,22,7,0,0,0,0,0,0,0,0,,0,2,1,11,11.00,0,WR,1,2.1,1.6,,191,
522,Damaris Johnson,NWE,26,1,0,0,0,0,0,0,1,6,6.00,0,0,0,0,,0,WR,1,0.6,0.6,,195,
523,Trey Williams,IND,23,2,0,0,0,0,0,0,2,12,6.00,0,0,0,0,,0,RB,1,1.2,1.2,,155,
524,Saalim Hakim,KAN,25,2,0,0,0,0,0,0,0,0,,0,0,0,0,,0,,,,,,203,
525,Dri Archer,PIT,24,8,0,0,0,0,0,0,0,0,,0,0,0,0,,0,,,,,,206,
526,Asante Cleveland,NWE,23,4,1,0,0,0,0,0,0,0,,0,1,1,1,1.00,0,TE,,1.1,0.6,,106,
527,Nick Toon,STL,27,1,0,0,0,0,0,0,0,0,,0,0,0,0,,0,,,,,,200,
528,Mike Leach,ARI,39,16,0,0,0,0,0,0,0,0,,0,0,0,0,,0,,,,,,116,
529,Clark Harris,CIN,31,16,0,0,0,0,0,0,0,0,,0,0,0,0,,0,,,,,,110,
530,James Casey,DEN,31,3,0,0,0,0,0,0,0,0,,0,0,0,0,,0,,,,,,119,
531,Matthew Mulligan,BUF,30,12,5,0,0,0,0,0,0,0,,0,1,1,2,2.00,0,TE,,1.2,0.7,,104,
532,Jimmy Garoppolo,NWE,24,5,0,1,4,6,0,0,5,-5,-1.00,0,0,0,0,,0,QB,,-0.3,-0.3,,74,
533,Joe Webb,CAR,29,16,0,0,0,0,0,0,1,-1,-1.00,0,0,0,0,,0,QB,,-0.1,-0.1,,72,
534,Trevor Siemian,DEN,23,1,0,0,0,0,0,0,1,-1,-1.00,0,0,0,0,,0,QB,,-0.1,-0.1,,71,
535,Chase Daniel,KAN,29,2,0,2,2,4,0,0,2,-2,-1.00,0,0,0,0,,0,QB,,,,,70,
536,Sean Renfree,ATL,25,2,0,3,7,11,0,1,1,-4,-4.00,0,0,0,0,,0,QB,,-1.0,-1.0,,69,
537,Shaun Hill,MIN,35,3,0,2,7,15,0,0,4,-5,-1.25,0,0,0,0,,0,QB,,0.1,0.1,,68,
538,Matt Moore,MIA,31,1,0,1,1,14,0,0,3,-2,-0.67,0,0,0,0,,0,QB,,0.4,0.4,,67,
539,MarQueis Gray,BUF,26,4,0,0,0,0,0,0,0,0,,0,1,1,2,2.00,0,TE,,1.2,0.7,,105,
540,Scott Tolzien,GNB,28,3,0,1,1,4,0,0,3,-3,-1.00,0,0,0,0,,0,QB,,-0.1,-0.1,,73,
541,Brian Leonhardt,SFO,25,4,0,0,0,0,0,0,0,0,,0,1,1,4,4.00,0,TE,,1.4,0.9,,102,
542,C.J. Uzomah,CIN,22,5,0,0,0,0,0,0,0,0,,0,1,1,4,4.00,0,TE,,1.4,0.9,,103,
543,Kevin Norwood,CAR,26,1,0,0,0,0,0,0,0,0,,0,1,0,0,,0,,,,,,204,
544,Walt Powell,BUF,24,2,0,0,0,0,0,0,0,0,,0,0,0,0,,0,,,,,,205,
545,George Winn,DET,25,7,0,0,0,0,0,0,4,1,0.25,0,0,0,0,,0,RB,,0.1,0.1,,161,
546,Kendall Hunter,NOR,27,2,0,0,0,0,0,0,1,2,2.00,0,0,0,0,,0,RB,,0.2,0.2,,160,
547,Bear Pascoe,DET,29,3,0,0,0,0,0,0,0,0,,0,0,0,0,,0,,,,,,117,
548,Geoff Swaim,DAL,24,4,1,0,0,0,0,0,0,0,,0,1,1,0,0.00,0,TE,,1.0,0.5,,108,
549,Tyler Clutts,DAL,31,16,5,0,0,0,0,0,0,0,,0,1,1,4,4.00,0,RB,,1.4,0.9,,159,
550,Marcel Jensen,WAS,25,1,0,0,0,0,0,0,0,0,,0,0,0,0,,0,,,,,,115,
551,Anthony McCoy,2TM,28,8,3,0,0,0,0,0,0,0,,0,0,0,0,,0,,,,,,111,
552,Anthony Denham,HOU,24,1,0,0,0,0,0,0,0,0,,0,0,0,0,,0,,,,,,120,
553,Nate Solder,NWE,27,4,4,0,0,0,0,0,0,0,,0,0,0,0,,0,,,,,,114,
554,Mickey Shuler,ATL,29,1,0,0,0,0,0,0,0,0,,0,0,0,0,,0,,,,,,118,
555,Brandon Williams,2TM,28,6,0,0,0,0,0,0,0,0,,0,0,0,0,,0,,,,,,107,
556,Alex Smith,WAS,33,3,1,0,0,0,0,0,0,0,,0,2,0,0,,0,,,,,,112,
557,Justice Cunningham,STL,24,2,0,0,0,0,0,0,0,0,,0,0,0,0,,0,,,,,,113,
558,Nikita Whitlock,NYG,24,14,5,0,0,0,0,0,0,0,,0,0,0,0,,0,,,,,,2,
559,Toben Opurum,NOR,25,2,0,0,0,0,0,0,0,0,,0,0,0,0,,0,,,,,,3,
560,Richard Gordon,DEN,28,1,0,0,0,0,0,0,0,0,,0,0,0,0,,0,,,,,,109,
561,Kapri Bibbs,DEN,22,1,0,0,0,0,0,0,0,0,,0,0,0,0,,0,,,,,,163,
562,Trey Watts,STL,24,1,0,0,0,0,0,0,0,0,,0,0,0,0,,0,,,,,,162,
563,Matt Hazel,MIA,23,5,1,0,0,0,0,0,0,0,,0,1,0,0,,0,,,,,,202,
564,Rico Richardson,TEN,24,5,0,0,0,0,0,0,0,0,,0,5,0,0,,0,,,,,,201,
565,Seyi Ajirotutu,PHI,28,13,0,0,0,0,0,0,0,0,,0,3,1,4,4.00,0,WR,,1.4,0.9,,198,
566,Cedric Peerman*,CIN,29,16,0,0,0,0,0,0,0,0,,0,0,0,0,,0,,,,,,167,
567,Matt Slater*,NWE,30,16,0,0,0,0,0,0,0,0,,0,1,0,0,,0,,,,,,199,
568,Cierre Wood,BUF,24,2,0,0,0,0,0,0,2,3,1.50,0,1,1,-6,-6.00,0,RB,,0.7,0.2,,168,
569,Allen Bradford,ATL,27,6,0,0,0,0,0,0,0,0,,0,0,0,0,,0,,,,,,164,
570,Joe Banyard,JAX,27,5,0,0,0,0,0,0,0,0,,0,0,0,0,,0,,,,,,165,
571,LaMichael James,MIA,26,1,0,0,0,0,0,0,0,0,,0,0,0,0,,0,,,,,,166,
572,David Johnson,SDG,28,16,4,0,0,0,0,0,2,4,2.00,0,2,1,4,4.00,0,TE,-1,0.8,-0.7,,121,
573,Chris Harper,NWE,22,5,0,0,0,0,0,0,0,0,,0,3,1,6,6.00,0,WR,-1,0.6,-0.9,,207,
574,Drew Stanton,ARI,31,7,0,11,25,104,0,2,13,-13,-1.00,0,0,0,0,,0,QB,-1,0.9,0.9,,75,
575,Corey Grant,JAX,24,6,0,0,0,0,0,0,6,2,0.33,0,3,2,13,6.50,0,RB,-1,2.5,0.5,,169,
576,Marcus Murphy,NOR,24,13,0,0,0,0,0,0,1,0,0.00,0,0,0,0,,0,RB,-2,5.0,4.0,,171,
577,Isaiah Pead,STL,26,2,0,0,0,0,0,0,2,3,1.50,0,0,0,0,,0,RB,-2,-0.7,-1.7,,170,
578,Frankie Hammond,KAN,25,10,0,0,0,0,0,0,0,0,,0,0,0,0,,0,,-2,-1.0,-2.0,,208,
579,Glenn Winston,CLE,26,3,0,0,0,0,0,0,1,-8,-8.00,0,0,0,0,,0,RB,-3,-1.8,-2.8,,172,
580,Marcus Thigpen,2TM,29,9,0,0,0,0,0,0,1,-1,-1.00,0,0,0,0,,0,WR,-4,-2.1,-4.1,,209,